frame,delta_frames,tick_cycles,physics_cycles,render_cycles,practice_ui_cycles,physics_setup,physics_core,physics_practice,render_setup,render_visibility,render_bg,render_actors,render_hud,render_practice,tlb_loads,tlb_cycles,tlb_dma_cycles,tlb_icache_cycles
0,1,11192213,1554658,9040281,0,101480,1088315,0,1223661,3256544,3457579,917954,183250,0,59,5101624,4892148,132139
1,16,3231187,912293,2167761,0,96409,810888,0,169631,1441224,345510,116953,93256,0,26,2249851,2155090,58216
2,8,3260324,657982,2112547,0,95988,557006,0,238742,1406465,257192,26040,182940,0,28,2429138,2328305,62732
3,5,1940765,491849,1202173,0,5808,481152,0,146679,865489,161189,24805,2893,0,13,1134503,1086951,29130
4,4,1279806,298219,829345,0,5745,287528,0,53100,677821,69342,25309,2801,0,6,520698,499043,13427
5,5,1417194,195103,1060475,0,5816,184456,0,147261,809437,75176,24688,2810,0,7,608142,582191,15706
6,4,1129328,102979,601115,0,5873,92351,0,52710,451878,67709,25020,2801,0,5,429380,410833,11216
7,3,1037854,285459,687101,0,7099,183068,0,146409,353540,158284,24967,2823,0,4,346768,331924,9007
8,4,1390559,102806,1134830,0,5732,92235,0,52560,797033,66814,124861,92441,0,7,606765,580969,15706
9,4,1004594,102959,837606,0,5793,92441,0,51256,628217,128067,26068,2983,0,1,88641,84788,2258
10,4,1052503,196491,794364,0,5721,185527,0,52850,400545,311113,26037,2780,0,2,173157,166045,4491
11,4,900595,113679,720731,0,5704,103022,0,51748,398216,128230,26021,115262,0,0,0,0,0
12,3,903660,114189,724781,0,5490,103748,0,52728,403044,130759,134919,2230,0,0,0,0,0
13,3,903456,113044,600100,0,5472,102602,0,51597,390781,128670,26060,1910,0,0,0,0,0
14,3,915732,113052,738158,0,5438,102659,0,52848,398279,131258,152430,2246,0,0,0,0,0
15,3,908994,113121,728527,0,5524,102626,0,51588,406703,128706,138049,2340,0,0,0,0,0
16,3,966165,113059,791646,0,5523,102586,0,52900,416968,288532,30041,2063,0,0,0,0,0
17,3,896687,112998,718665,0,5546,102484,0,51463,402869,128267,132201,2686,0,0,0,0,0
18,3,937791,114372,758868,0,5438,103972,0,52820,426656,247278,28961,2074,0,0,0,0,0
19,3,894755,113041,604377,0,5428,102722,0,51499,396454,127322,26089,1934,0,0,0,0,0
20,3,920532,114031,743285,0,5449,103618,0,52585,408833,130957,147632,2180,0,0,0,0,0
21,3,892103,113132,711488,0,5493,102720,0,51610,396999,127608,131642,2468,0,0,0,0,0
22,2,899265,112527,724619,0,5438,102107,0,52686,411505,130349,126717,2263,0,0,0,0,0
23,2,919747,112643,739027,0,5386,102341,0,51514,401837,127996,26049,130378,0,0,0,0,0
24,3,906866,114382,728019,0,5523,103099,0,52948,412845,130817,128202,2126,0,0,0,0,0
25,3,892926,113166,715321,0,5795,102325,0,51482,400363,127736,26088,108401,0,0,0,0,0
26,3,908404,113230,732015,0,5741,102475,0,52786,410019,130752,134348,3053,0,0,0,0,0
27,2,918413,113204,739711,0,5784,102339,0,51401,407454,127560,148867,3334,0,0,0,0,0
28,3,908727,112968,731746,0,5784,102242,0,52693,416236,130863,127809,3130,0,0,0,0,0
29,3,909165,113174,730791,0,5679,102597,0,51619,415019,128577,131247,3253,0,0,0,0,0
30,2,916713,113015,738996,0,5826,102194,0,52886,413265,131936,136820,3075,0,0,0,0,0
31,3,939597,113071,762493,0,5816,102182,0,51524,402204,128031,26022,153484,0,0,0,0,0
32,3,929459,113350,745480,0,5708,102551,0,52619,417687,241586,29462,3087,0,0,0,0,0
33,3,891969,113200,713298,0,5796,102347,0,51461,408363,127721,121349,3306,0,0,0,0,0
34,3,956286,113462,779335,0,5689,102782,0,52900,417455,271606,33429,2887,0,0,0,0,0
35,3,910894,113336,733267,0,5816,102577,0,51373,412522,127664,136260,4350,0,0,0,0,0
36,3,925717,113806,738887,0,5688,103047,0,52917,418358,233057,30413,3102,0,0,0,0,0
37,2,923617,113310,740489,0,5764,102542,0,51493,412878,128346,143382,3293,0,0,0,0,0
38,3,981445,114103,803427,0,5826,103241,0,52649,441843,277384,27519,3013,0,0,0,0,0
39,3,934554,113795,748121,0,5860,102891,0,51577,436448,226177,29808,3071,0,0,0,0,0
40,3,925812,113578,749038,0,5656,102907,0,52578,432071,224035,30144,9128,0,0,0,0,0
41,3,952392,112731,776362,0,5712,102000,0,51382,447659,238352,34790,3120,0,0,0,0,0
42,3,943991,113510,764843,0,5752,102771,0,52833,438372,235534,34032,3013,0,0,0,0,0
43,3,936742,113531,760547,0,5732,102848,0,51523,440751,228659,28831,9700,0,0,0,0,0
44,3,930326,113256,752682,0,5858,102494,0,52922,428934,230775,29562,2941,0,0,0,0,0
45,3,7773483,5934185,1775493,0,5587,102359,0,51435,510593,1183281,26252,2805,0,0,0,0,0
46,13,989447,127061,797702,0,5752,116371,0,48516,504299,215023,25917,2888,0,1,90482,86796,2258
47,3,1182135,220513,899072,0,5816,209569,0,47581,628689,99081,119754,2911,0,4,351565,336848,9007
48,5,1364106,401802,897994,0,5695,391219,0,233044,389739,245355,25833,2921,0,5,434463,416238,11217
49,3,1179445,386893,731528,0,5764,375970,0,47248,455323,198406,26641,2873,0,5,434622,416542,11238
50,3,1005195,204045,732111,0,5821,193091,0,48614,552181,102119,25286,2920,0,3,259841,248676,6749
51,2,1381119,205460,1111524,0,5803,101928,0,141246,561787,193290,210907,3090,0,6,527480,504770,13474
52,2,1372483,112517,1176835,0,5794,101884,0,48559,354677,652389,25914,94102,0,2,176031,168552,4514
53,3,1102823,203857,745303,0,5851,192912,0,141715,464261,108638,26694,2914,0,3,260221,249090,6725
54,4,1287334,382916,837951,0,96250,281571,0,344529,353062,110833,25599,2893,0,6,517961,495773,13449
55,2,1437075,297077,1079401,0,5849,286321,0,47599,800941,107319,119556,2952,0,7,615579,589561,15752
56,3,1515811,229298,1224501,0,5741,218724,0,58378,1025452,111582,25227,2849,0,7,609477,583982,15731
57,3,1110516,228735,727886,0,5792,218045,0,57135,430718,116976,118984,2996,0,3,262454,251289,6748
58,4,978220,315014,511294,0,5621,194864,0,54324,374472,54211,24419,2849,0,4,347111,332404,9008
59,3,2125962,581743,1476118,0,5784,570786,0,154714,597340,491106,25703,206088,0,16,1385437,1326666,35884
60,4,1459739,409561,985978,0,5770,398697,0,241092,467054,45043,206697,24963,0,9,785448,752936,20197
61,4,1590896,228097,1119338,0,5821,217156,0,148524,326982,359736,26118,256851,0,10,882793,845852,22478
62,4,728071,133109,527239,0,5774,122254,0,65171,324219,45527,24373,66732,0,1,87600,83779,2257
63,3,813819,114985,627541,0,5827,103890,0,149036,224959,43449,24469,184481,0,2,174880,167390,4515
64,3,4436659,3488148,882170,0,5794,3477412,0,54198,690691,45744,24057,66327,0,6,525407,502941,13521
65,8,1156921,141915,929097,0,5833,130725,0,52902,321232,226299,165110,162401,0,3,262861,251890,6749
66,3,703897,128698,505993,0,5770,118084,0,53974,251194,40842,24557,134299,0,0,0,0,0
67,4,704358,128990,504286,0,5816,118023,0,60718,232893,38169,24712,146623,0,0,0,0,0
68,3,816499,119291,481703,0,5841,108150,0,54007,239195,39530,24502,123317,0,0,0,0,0
69,3,659707,121722,467794,0,5711,111011,0,52663,221860,45767,25378,120952,0,0,0,0,0
70,4,676490,109456,470259,0,5772,98474,0,54204,227782,39625,24383,123113,0,0,0,0,0
71,3,644875,116414,457539,0,5784,105624,0,52750,221072,37500,24540,120524,0,0,0,0,0
72,3,654591,116493,468487,0,5656,105717,0,54928,215694,39264,24398,133051,0,0,0,0,0
73,3,681608,110816,503480,0,5827,99745,0,53019,239830,37387,24681,147493,0,0,0,0,0
74,4,1301262,108118,1118814,0,5906,96749,0,54766,228812,676340,34007,123649,0,0,0,0,0
75,4,686597,126264,489606,0,5715,115367,0,53215,233209,48438,24533,128958,0,0,0,0,0
76,3,703832,123648,483894,0,5490,112992,0,54438,236224,45724,24711,121564,0,0,0,0,0
77,3,690953,150509,469808,0,5449,140079,0,52949,228653,43561,24401,119091,0,0,0,0,0
78,3,736633,166677,500217,0,5438,156151,0,54868,244019,44573,24532,130993,0,0,0,0,0
79,4,700653,120119,484938,0,5514,109665,0,52828,243006,43852,24625,119497,0,0,0,0,0
80,4,664899,118805,470850,0,5538,107960,0,54622,223688,44521,24518,122268,0,0,0,0,0
81,4,3587562,147576,3370019,0,5494,136847,0,53044,842503,2325961,26434,120884,0,0,0,0,0
82,7,763761,117107,578926,0,5481,106730,0,54557,337806,36985,24263,124121,0,0,0,0,0
83,3,635292,105869,457116,0,5428,95364,0,53043,223854,34639,24603,119784,0,0,0,0,0
84,3,657471,133984,457232,0,5459,123203,0,54756,208145,36198,32888,124032,0,0,0,0,0
85,4,684174,130554,456663,0,5493,120019,0,52830,223633,34518,24475,120013,0,0,0,0,0
86,3,3019004,136571,2813790,0,11675,119796,0,54680,359729,2251137,24730,122271,0,0,0,0,0
87,8,3020744,147587,2791418,0,5461,136926,0,52805,692195,1799750,24864,220632,0,3,267186,256011,6747
88,6,1116883,147057,903240,0,5438,136692,0,158448,354146,62259,24717,302498,0,2,179042,171195,4514
89,4,1306497,204747,1034240,0,5408,194152,0,52946,452948,382472,24613,120047,0,4,350710,335833,9008
90,4,1138167,126752,945038,0,5418,116127,0,54978,533100,198278,25187,132364,0,2,173731,166365,4491
91,3,1226580,116279,1042805,0,5461,105595,0,53030,457581,61265,24616,445097,0,3,265671,254369,6748
92,4,1362358,163409,1134830,0,5418,152930,0,54330,319220,657122,25124,77893,0,0,0,0,0
93,4,876166,156876,654939,0,5471,146278,0,52914,315661,63616,24529,196982,0,0,0,0,0
94,4,1096313,155232,867763,0,5405,144640,0,54550,321582,384104,27922,78449,0,0,0,0,0
95,4,867925,157381,544749,0,5428,146774,0,52602,324490,64018,24636,77809,0,0,0,0,0
96,4,748125,156089,527613,0,5438,145555,0,54657,306022,62764,24780,78319,0,0,0,0,0
97,5,697419,126104,506748,0,5493,115504,0,52989,287214,63104,24798,77468,0,0,0,0,0
98,3,663258,136896,460515,0,5481,126277,0,54378,250323,52811,24646,77263,0,0,0,0,0
99,3,663942,140187,458306,0,5428,129622,0,52662,254018,50496,24615,75319,0,0,0,0,0
100,4,654518,133731,452183,0,5489,123102,0,54384,232620,52678,33222,78166,0,0,0,0,0
101,5,649751,142521,442552,0,5376,131998,0,52716,238708,50045,24358,75531,0,0,0,0,0
102,3,684859,182364,439053,0,5449,171768,0,54699,228707,52240,24555,77757,0,0,0,0,0
103,4,733694,189374,474971,0,5448,178969,0,52564,244990,50959,24377,100912,0,0,0,0,0
104,3,614113,109268,441858,0,5459,98873,0,54387,231914,52107,24706,77650,0,0,0,0,0
105,3,617695,116485,435907,0,5579,105749,0,53058,234661,47554,24435,75065,0,0,0,0,0
106,4,621681,108052,442975,0,5551,97423,0,54654,226724,57875,25345,77283,0,0,0,0,0
107,3,620498,114336,439711,0,5461,103877,0,53084,238096,47578,24356,75463,0,0,0,0,0
108,3,585152,98929,417204,0,5406,88496,0,55145,200489,49725,24545,86208,0,0,0,0,0
109,3,590761,105284,420856,0,5495,94752,0,52911,219373,47501,24506,75431,0,0,0,0,0
110,3,587694,97476,421339,0,5523,86892,0,54415,204947,49509,24557,86818,0,0,0,0,0
111,3,574148,105749,403941,0,5461,95267,0,53139,202298,47836,24403,75130,0,0,0,0,0
112,3,596890,98896,429540,0,5501,88242,0,54502,213028,50349,32865,77704,0,0,0,0,0
113,3,594489,112023,417959,0,5556,101331,0,53604,215878,47679,24635,75030,0,0,0,0,0
114,3,585126,105225,410984,0,5364,94649,0,54454,196015,48991,24453,85979,0,0,0,0,0
115,2,581082,115222,401324,0,5494,104588,0,53240,200862,46998,24330,74762,0,0,0,0,0
116,2,587203,106076,411033,0,5471,95495,0,54605,195505,49292,24511,86028,0,0,0,0,0
117,2,584480,115387,404420,0,5408,104757,0,53210,203875,46646,24616,74940,0,0,0,0,0
118,2,595803,108755,416780,0,5491,98189,0,54572,200666,58753,24804,76892,0,0,0,0,0
119,3,582429,118889,397618,0,5461,108324,0,53023,203334,40715,24469,74903,0,0,0,0,0
120,3,578950,103694,406378,0,5737,91285,0,54796,197776,42384,32388,77920,0,0,0,0,0
121,2,576016,108674,402762,0,5504,98159,0,53068,208544,40668,24504,74802,0,0,0,0,0
122,2,591337,96892,424841,0,5458,86085,0,54858,215332,51390,25013,77131,0,0,0,0,0
123,2,566710,106785,395396,0,5513,96169,0,53239,200895,40645,24461,74982,0,0,0,0,0
124,2,580011,99709,411766,0,5458,89251,0,55035,202183,51168,25285,76979,0,0,0,0,0
125,2,586704,109146,413028,0,5493,98609,0,53085,218516,41004,24552,74694,0,0,0,0,0
126,2,580109,96873,414738,0,5385,86352,0,54780,206177,42283,32728,77656,0,0,0,0,0
127,2,591887,114058,413181,0,5461,103527,0,52938,219610,40201,24476,74783,0,0,0,0,0
128,3,603639,108893,426365,0,5405,98419,0,54769,216753,51796,24710,77222,0,0,0,0,0
129,3,597265,115623,416876,0,5513,104974,0,53165,228312,34577,24729,74961,0,0,0,0,0
130,2,588028,107605,410357,0,5571,96848,0,54564,206365,36572,32910,78854,0,0,0,0,0
131,2,589374,118626,404672,0,5546,107820,0,52904,216466,34999,24337,74834,0,0,0,0,0
132,3,594684,113575,412949,0,5481,102948,0,54691,207773,46265,24414,78712,0,0,0,0,0
133,2,679481,127392,478249,0,5524,116744,0,53182,281120,35585,32919,74309,0,0,0,0,0
134,2,620771,115007,437358,0,5438,104275,0,54681,226397,45549,32621,77016,0,0,0,0,0
135,2,595498,117106,413821,0,5513,106397,0,53087,217518,35059,32885,74142,0,0,0,0,0
136,3,873760,110497,694035,0,5478,99710,0,54663,239908,44352,262586,91285,0,1,84343,80765,2258
137,4,787459,106714,616090,0,5472,96177,0,52919,279645,32580,171297,78435,0,1,90229,86288,2258
138,3,989657,298334,625951,0,5438,287737,0,54866,287671,34238,164763,83282,0,3,262464,251538,6771
139,4,644536,110921,459177,0,5524,100463,0,52756,241295,33193,33136,97642,0,0,0,0,0
140,3,577920,109778,398639,0,5491,99189,0,54811,198873,34073,32878,76890,0,0,0,0,0
141,3,567352,114993,387230,0,5546,104447,0,53163,183509,32394,32871,84164,0,0,0,0,0
142,4,628082,107344,450366,0,5405,96929,0,54888,236830,34312,41902,81321,0,0,0,0,0
143,3,565792,114743,385350,0,5429,104267,0,53220,184102,32455,39265,75133,0,0,0,0,0
144,3,596274,117928,413449,0,5470,107179,0,54847,197956,33694,39155,86683,0,0,0,0,0
145,3,673158,127876,452265,0,5546,117240,0,53103,253587,33091,36677,74632,0,0,0,0,0
146,3,580989,131200,383850,0,5405,120816,0,54517,190983,33606,24938,78591,0,0,0,0,0
147,2,584721,137032,383064,0,5461,126424,0,53349,187060,32569,24857,84120,0,0,0,0,0
148,3,692617,167916,457456,0,5373,157517,0,62194,228187,34250,31819,99876,0,0,0,0,0
149,4,630339,157285,408047,0,12618,139433,0,53066,214704,33141,31548,74413,0,0,0,0,0
150,3,1060962,205348,790891,0,5416,194558,0,54807,231741,206780,215344,81021,0,0,0,0,0
151,4,742543,168488,510030,0,5546,157995,0,52905,302446,35098,43394,75039,0,0,0,0,0
152,3,722444,148497,503091,0,5458,137835,0,54632,275242,37115,32393,102573,0,0,0,0,0
153,3,633470,143510,419098,0,5844,132180,0,52895,222068,35710,32735,74536,0,0,0,0,0
154,3,718334,160722,492793,0,5491,150088,0,54872,267951,37022,49946,81889,0,0,0,0,0
155,3,716785,154532,490504,0,5439,143993,0,52660,259631,35539,39338,102165,0,0,0,0,0
156,3,857786,156907,628295,0,5498,146095,0,54581,228422,36779,38602,268742,0,0,0,0,0
157,3,728254,188994,474536,0,5441,178358,0,53295,263530,35495,45989,75012,0,0,0,0,0
158,3,666299,164962,435347,0,5490,154360,0,54580,210795,34862,32913,101006,0,0,0,0,0
159,2,581635,123639,390976,0,5524,113007,0,53180,196754,32549,33392,73969,0,0,0,0,0
160,3,969244,123689,780122,0,5438,113137,0,55107,245847,175854,43092,259033,0,0,0,0,0
161,3,639069,107829,464165,0,5514,97438,0,53009,225793,42480,39294,102393,0,0,0,0,0
162,4,619403,113519,437478,0,5491,102949,0,62383,211274,49945,31285,81435,0,0,0,0,0
163,3,607228,127190,415824,0,7792,114432,0,53282,213015,48675,24937,74760,0,0,0,0,0
164,4,594867,118771,411725,0,5405,108145,0,55386,194481,50258,32600,77887,0,0,0,0,0
165,2,601278,134302,397283,0,5481,123906,0,61299,179639,54871,24643,75592,0,0,0,0,0
166,3,616517,159437,393273,0,5632,146585,0,55071,178299,56080,24823,77865,0,0,0,0,0
167,3,649735,184805,400346,0,5524,174239,0,53462,188105,58468,24603,74552,0,0,0,0,0
168,3,575855,135718,372251,0,5373,125160,0,55071,162443,52104,24417,77122,0,0,0,0,0
169,3,567016,127418,374465,0,5546,116812,0,53336,168075,44028,24453,83418,0,0,0,0,0
170,3,567182,124466,374214,0,5436,113894,0,55217,169933,46461,24445,77065,0,0,0,0,0
171,4,564325,129154,369966,0,5461,118582,0,53240,163337,43866,24697,83672,0,0,0,0,0
172,2,574006,129997,375955,0,5510,119379,0,54981,165229,52892,24435,77282,0,0,0,0,0
173,3,712963,136343,511833,0,5514,125666,0,53390,312592,45678,24494,74524,0,0,0,0,0
174,3,668262,131768,469706,0,5438,113932,0,55743,249895,34870,24674,103333,0,0,0,0,0
175,3,1005991,127448,813228,0,5441,116968,0,53391,385212,265928,28347,79153,0,0,0,0,0
176,4,1536090,175647,1293386,0,5353,165078,0,55063,714676,198675,24926,298853,0,4,350712,335552,8981
177,4,1557949,352190,1114480,0,5521,341646,0,52965,725085,95435,34504,205322,0,5,440572,421631,11263
178,5,1736702,172715,1404071,0,5575,161684,0,55018,710969,378861,24855,233175,0,7,611872,586121,15731
179,4,1136137,172616,896703,0,5461,162216,0,52865,563832,34242,24446,220101,0,3,263397,252349,6748
180,4,996776,200288,726953,0,5555,189641,0,54947,328049,34318,24426,283981,0,1,89542,85780,2258
181,4,1008021,375426,565854,0,5471,364865,0,53648,340965,33361,24203,112460,0,3,260074,248773,6773
182,4,810227,259900,470410,0,5490,249253,0,55100,214995,34624,24598,139838,0,0,0,0,0
183,3,919596,257028,595734,0,5504,246447,0,53119,369217,35605,24520,112061,0,0,0,0,0
184,3,980223,271898,643731,0,5491,261294,0,55035,241192,34116,24551,287625,0,0,0,0,0
185,3,1058415,256467,735061,0,5513,245969,0,52812,449982,94967,25774,110332,0,0,0,0,0
186,4,979672,181361,726333,0,5405,170867,0,54920,420964,113673,25478,110046,0,0,0,0,0
187,3,1053713,174333,802503,0,5494,163930,0,52777,511275,101198,25835,110243,0,0,0,0,0
188,4,1378344,181414,1130815,0,5523,170820,0,55197,691525,246619,25827,110327,0,0,0,0,0
189,5,1256027,188273,1001069,0,5472,177762,0,62818,477681,320151,27833,111309,0,0,0,0,0
190,6,1311701,183157,1062395,0,5438,172620,0,55165,685855,183719,25398,111065,0,0,0,0,0
191,6,2626774,175345,2389059,0,5461,164428,0,53533,800653,1065617,61538,406464,0,5,433091,414643,11217
192,7,1590188,158450,1265016,0,5462,147928,0,55207,650139,193844,230355,134233,0,2,171107,163651,4492
193,4,1979947,346106,1550314,0,5789,333153,0,53336,844682,485100,51853,114063,0,7,611284,585500,15732
194,6,1692559,441655,1160503,0,5603,430465,0,56721,711852,228854,44756,117111,0,2,178689,171036,4516
195,6,1975116,123417,1578909,0,5505,112764,0,53264,898404,474948,44769,106202,0,7,614093,588096,15705
196,5,1615959,319030,1209205,0,5446,307922,0,55373,784674,213646,44234,110063,0,3,261579,250502,6749
197,5,1629242,124054,1407167,0,5677,113077,0,53326,959417,210331,73545,109291,0,3,263318,252049,6774
198,4,1527172,128262,1317908,0,5551,117537,0,150105,774521,206169,73560,112295,0,2,176861,169293,4515
199,4,1320327,120304,1112817,0,5573,109591,0,149450,591708,211754,52021,106605,0,2,181039,173357,4515
200,4,1135250,114158,933680,0,5518,103503,0,54853,503041,215140,52809,106603,0,0,0,0,0
201,4,1284709,127107,1072392,0,5594,116176,0,53433,487275,381407,45390,103584,0,0,0,0,0
202,5,1360465,127857,1148551,0,5603,117027,0,54956,578801,217779,44157,251625,0,1,89752,85961,2257
203,4,1764678,222486,1461126,0,5499,211953,0,53502,776047,203130,265710,161459,0,4,349644,334987,8982
204,6,1818513,239595,1495476,0,5745,226703,0,55124,754901,222004,165107,297040,0,3,262232,250793,6747
205,4,1597358,209608,1300382,0,5626,199016,0,53630,758232,240480,73229,173468,0,2,180325,172902,4514
206,4,1244067,114304,1038382,0,5528,103832,0,54836,561482,226152,79420,115193,0,0,0,0,0
207,4,1183315,107284,968535,0,5644,96227,0,53395,499288,227250,71408,115794,0,0,0,0,0
208,4,1302721,112148,1088599,0,5571,101502,0,54913,575598,232341,89937,134593,0,0,0,0,0
209,4,1263939,105342,1048225,0,5541,94669,0,53050,549286,224992,99645,119999,0,0,0,0,0
210,4,1215969,105683,1001985,0,5583,94993,0,54993,502915,226389,98371,118063,0,0,0,0,0
211,6,1295043,116459,1055134,0,5591,105403,0,53272,555086,235492,89239,120768,0,0,0,0,0
212,5,1258398,106302,1036867,0,5518,95669,0,54833,521672,251247,89171,118605,0,0,0,0,0
213,4,1250017,106808,1030073,0,5613,95813,0,53168,521007,245491,88999,120090,0,0,0,0,0
214,4,1239074,114531,1011322,0,5623,103711,0,54729,495822,253650,89243,116520,0,0,0,0,0
215,4,1326094,131588,1076638,0,5551,120820,0,53249,581744,240821,80778,118811,0,0,0,0,0
216,4,1275444,129980,1042186,0,5465,119465,0,54725,554470,237157,80190,114328,0,0,0,0,0
217,4,1565309,132116,1304203,0,5612,121003,0,53672,777138,243150,90584,138400,0,0,0,0,0
218,5,1405468,124844,1177103,0,5601,114241,0,55032,705481,236398,90366,88545,0,0,0,0,0
219,5,1286877,116176,1060289,0,5601,105471,0,52795,593205,239905,89316,83831,0,0,0,0,0
220,5,1233894,115197,1015470,0,5518,104156,0,54987,557767,239821,78785,82791,0,0,0,0,0
221,5,1211952,114924,992211,0,5666,104221,0,53314,528641,244553,79379,85064,0,0,0,0,0
222,3,1161867,113860,949495,0,5633,103149,0,54730,481776,250006,79291,82390,0,0,0,0,0
223,3,1253850,120624,1032046,0,5644,109478,0,53202,550621,236078,87815,103117,0,0,0,0,0
224,4,1234338,115792,1017111,0,5518,105239,0,54780,540390,242666,86782,91197,0,0,0,0,0
225,6,1219523,115956,996052,0,5604,105295,0,53187,519167,249561,85884,87014,0,0,0,0,0
226,5,1205707,115605,987901,0,5550,105082,0,55125,525361,246272,75167,84714,0,0,0,0,0
227,4,1166610,114211,953216,0,5656,103165,0,53282,498438,241912,75875,82428,0,0,0,0,0
228,4,1261802,121008,1043422,0,5603,110334,0,54970,565247,235579,85718,100674,0,0,0,0,0
229,4,1182362,115539,966058,0,5594,104879,0,52989,488393,242402,88123,92911,0,0,0,0,0
230,5,1184365,116105,964958,0,5518,105493,0,54715,501835,239804,82889,84478,0,0,0,0,0
231,5,1171630,115755,956447,0,5593,105066,0,53139,511715,235158,71856,83275,0,0,0,0,0
232,3,1151479,113530,943774,0,5538,102904,0,55455,493487,239567,69622,84490,0,0,0,0,0
233,3,1598750,121157,1195921,0,5604,110040,0,53432,600410,359924,78792,102057,0,0,0,0,0
234,5,1169256,115699,959118,0,5604,105062,0,54908,512096,222603,76991,91264,0,0,0,0,0
235,5,1336015,125438,1111872,0,5653,114593,0,53728,474181,421314,77521,83867,0,0,0,0,0
236,4,1309944,125501,1090930,0,5611,114793,0,55153,468933,414017,66302,85348,0,0,0,0,0
237,5,1334155,125685,1112640,0,5528,114953,0,53723,456470,455605,63010,82570,0,0,0,0,0
238,3,1306710,126013,1090448,0,5591,115387,0,55109,466616,422578,58875,86093,0,0,0,0,0
239,3,1298353,126921,1080154,0,5748,114205,0,53508,462118,423795,59676,79772,0,0,0,0,0
240,4,1283372,124954,1069046,0,5506,114371,0,55236,454427,415178,58659,84329,0,0,0,0,0
241,4,1313652,125026,1097424,0,5561,114439,0,53672,678680,224917,59274,79645,0,0,0,0,0
242,3,1359227,127721,1143357,0,5643,116985,0,55391,715692,230320,56497,84221,0,0,0,0,0
243,4,1328992,130196,1110971,0,7795,117373,0,54003,493786,424661,57568,79670,0,0,0,0,0
244,4,1302486,126914,1091266,0,5733,114190,0,55381,465597,433967,53334,81747,0,0,0,0,0
245,4,1182451,127201,977768,0,5606,116556,0,53696,435543,356735,54663,75913,0,0,0,0,0
246,3,1195030,127567,999968,0,5438,116942,0,55379,419812,389865,51510,82209,0,0,0,0,0
247,4,1194556,127588,998870,0,5441,117048,0,53627,442037,373617,52364,76049,0,0,0,0,0
248,4,1180900,127951,985319,0,5386,117414,0,55149,413897,384137,48636,82307,0,0,0,0,0
249,3,1234907,127082,1040455,0,5513,116491,0,53809,484623,375136,48958,76752,0,0,0,0,0
250,3,1206833,129600,1010391,0,5418,119110,0,55458,451164,374198,46249,82104,0,0,0,0,0
251,3,1267058,129715,1070090,0,5408,119217,0,53671,467247,423891,46986,77096,0,0,0,0,0
252,3,1212009,129536,1015629,0,5406,118963,0,55304,439106,391855,45987,82162,0,0,0,0,0
253,4,1184896,128873,987351,0,5546,118050,0,54005,412400,394725,47674,77349,0,0,0,0,0
254,4,1227615,129079,1032098,0,5363,118496,0,55695,468432,378505,46319,81932,0,0,0,0,0
255,3,1260872,127887,1065763,0,5461,116346,0,53659,478035,408687,47300,76883,0,0,0,0,0
256,3,1357106,134184,1156512,0,5438,122987,0,55323,726133,218924,53574,101370,0,0,0,0,0
257,4,1243316,129286,1044211,0,5429,118041,0,54037,459549,380857,61925,86589,0,0,0,0,0
258,5,1267557,129604,1068716,0,5491,118002,0,55479,478420,395225,52774,85644,0,0,0,0,0
259,4,1435653,134586,1231554,0,5513,123407,0,53879,786145,220250,71649,98417,0,0,0,0,0
260,6,1297658,131005,1089473,0,7815,117115,0,55365,452760,408843,78191,93058,0,0,0,0,0
261,4,1272078,129155,1058091,0,7899,114998,0,53449,437217,397690,78787,89710,0,0,0,0,0
262,4,1294722,126484,1077551,0,5696,114635,0,55225,443167,422927,68607,86367,0,0,0,0,0
263,4,1260332,128838,1042759,0,5715,114829,0,53742,432367,404137,69077,82197,0,0,0,0,0
264,4,1255873,125357,1039058,0,5558,113701,0,55223,441698,388473,66820,85605,0,0,0,0,0
265,4,1260549,131114,1037263,0,5646,119050,0,53662,437333,395570,67450,82033,0,0,0,0,0
266,4,1346849,124302,1129349,0,5558,112640,0,55318,445077,485576,58385,83730,0,0,0,0,0
267,3,1201292,127409,989416,0,7863,113573,0,53581,408354,378668,59111,88439,0,0,0,0,0
268,4,1210288,130817,997146,0,5725,117001,0,55284,415888,372950,59124,92639,0,0,0,0,0
269,4,1227571,130296,1012931,0,7873,116448,0,53851,415880,396551,66141,79330,0,0,0,0,0
270,5,1230220,127557,1019697,0,5798,113630,0,55363,440339,376232,65670,80955,0,0,0,0,0
271,4,727927,129383,519665,0,5606,117865,0,53890,261239,66819,56136,80319,0,0,0,0,0
272,3,707243,125924,503218,0,5693,112557,0,55258,266793,45528,57392,77112,0,0,0,0,0
273,3,695318,121513,489842,0,5626,110409,0,53386,242131,34726,55790,102656,0,0,0,0,0
274,2,871207,121801,467563,0,5946,103259,0,55136,241773,36043,56537,76961,0,0,0,0,0
275,4,725781,166446,478895,0,7616,153446,0,53778,256443,34846,56144,76554,0,0,0,0,0
276,3,736769,161540,491682,0,5446,150609,0,55118,244453,36097,74970,79912,0,0,0,0,0
277,4,888124,170027,632383,0,5489,159213,0,53022,243954,34972,219149,80134,0,0,0,0,0
278,3,731297,180852,473514,0,5530,169960,0,55198,248903,36153,54566,77559,0,0,0,0,0
279,4,3384333,166376,3135120,0,5616,155414,0,53432,534460,2416294,53401,76380,0,0,0,0,0
280,7,3170761,123571,2970015,0,5583,112574,0,54463,816138,1866868,55076,176275,0,2,176775,169027,4514
281,8,3268662,320807,2867604,0,6743,127005,0,63576,862650,1713066,54134,172793,0,4,349720,334493,9031
282,7,1491684,134170,1280145,0,5551,123255,0,63510,602436,477448,53967,81530,0,2,180737,173068,4514
283,4,1834157,100230,1651538,0,5573,89254,0,149303,830919,444966,55352,169656,0,5,435474,416580,11265
284,4,1411878,107306,1228182,0,5456,96507,0,54496,839270,198263,53707,81207,0,2,181662,173913,4515
285,5,1503689,100852,1135383,0,5630,89850,0,52386,624489,196020,52230,209001,0,3,261770,250657,6724
286,4,1494869,253004,1166460,0,5550,241833,0,54536,782629,197982,48415,81682,0,2,178682,171310,4515
287,5,9885215,7616881,2186510,0,5541,7605992,0,356749,1400800,200686,48811,178216,0,11,959496,918989,24762
288,16,1725867,284137,1337981,0,5593,180324,0,145063,946080,137517,47535,60549,0,7,615015,588937,15777
289,6,1247662,100533,1066258,0,5541,89613,0,150007,408574,143795,141911,220696,0,3,265264,253641,6772
290,6,942871,101001,764097,0,5692,88105,0,34049,361906,49779,46579,270533,0,1,88123,84257,2257
291,4,817154,88041,647035,0,5489,77165,0,128490,267622,47004,68731,133961,0,1,89466,85648,2258
292,4,737452,87562,569010,0,5571,76748,0,33714,285003,49762,43081,156241,0,0,0,0,0
293,3,733476,87262,564427,0,5572,76464,0,33136,285417,47474,42995,154195,0,0,0,0,0
294,3,742187,87502,573556,0,5570,76557,0,33695,291480,49210,43472,154487,0,0,0,0,0
295,4,771494,87762,601213,0,5494,76921,0,33073,319435,47446,49301,150661,0,0,0,0,0
296,5,744850,89420,582605,0,5491,78622,0,33788,292010,49239,49661,156738,0,0,0,0,0
297,4,729342,88014,567235,0,5566,77112,0,33007,284756,46767,47373,154099,0,0,0,0,0
298,3,761050,88094,602857,0,5478,77282,0,34027,324255,49420,41626,152321,0,0,0,0,0
299,5,739996,89463,569183,0,5514,78543,0,33092,290723,47385,41618,155129,0,0,0,0,0
300,3,755224,88797,596452,0,5491,77953,0,33795,316629,49079,39758,156001,0,0,0,0,0
301,4,765635,88109,605526,0,5566,77323,0,32929,324347,47720,45565,153713,0,0,0,0,0
302,4,725110,88523,566447,0,5458,77829,0,33746,283034,49613,46110,152735,0,0,0,0,0
303,4,2246248,87974,2084741,0,5501,77319,0,33035,439786,1414916,47333,148460,0,1,90628,86797,2258
304,5,1753440,360377,1319826,0,5603,256775,0,144729,737046,253120,41418,142275,0,6,520220,498333,13496
305,4,1117264,90191,959471,0,5494,79455,0,63482,423295,294397,44971,132008,0,0,0,0,0
306,5,1369792,90967,1207660,0,5491,80253,0,54596,429237,556321,41503,124744,0,0,0,0,0
307,6,1219071,90715,1060216,0,5493,79986,0,63809,459197,359961,49333,126615,0,0,0,0,0
308,5,1638984,89125,1477944,0,5481,78348,0,54309,592997,468858,47711,312732,0,0,0,0,0
309,5,1528029,92825,1369171,0,5439,82272,0,63235,1001290,195243,47847,60240,0,3,261976,250816,6748
310,4,1372287,89341,1213681,0,5425,78678,0,149773,752410,205118,42238,62865,0,3,265559,254629,6773
311,5,1742716,91308,1573802,0,5461,80555,0,158234,1087641,223579,43423,59670,0,6,530528,508243,13498
312,4,1156954,179907,907368,0,5501,169058,0,54749,551734,196578,41636,61502,0,1,86099,82478,2258
313,4,1438491,89254,1191743,0,5452,78309,0,53112,712139,204898,48175,172163,0,2,173768,166199,4491
314,4,1559125,112779,1375452,0,5523,101897,0,54701,646457,291993,46068,335020,0,3,262272,250927,6772
315,4,1431601,122243,1244836,0,5514,111555,0,53454,783100,195621,39636,171851,0,2,178742,171049,4515
316,3,1776264,98468,1609866,0,5511,87775,0,54797,951061,205389,209482,187906,0,5,435709,417675,11215
317,4,2575673,104967,2224120,0,5400,94142,0,53281,761407,1036761,131552,239900,0,4,348231,333216,8981
318,4,1668930,98617,1505277,0,5428,88089,0,149391,742259,495781,36586,80047,0,3,263470,252084,6774
319,5,1576389,108278,1396864,0,5481,97512,0,53067,765520,282516,36711,257755,0,0,0,0,0
320,4,1624889,120444,1439917,0,5458,109514,0,55406,1019087,215880,37225,111110,0,0,0,0,0
321,5,1729257,112257,1537747,0,5441,101389,0,53895,1112493,254810,34561,80833,0,0,0,0,0
322,5,1317337,97942,1149863,0,5523,87159,0,54958,776666,201260,35900,79865,0,0,0,0,0
323,4,1532273,118331,1347833,0,5461,107654,0,53789,804730,374838,36430,76830,0,0,0,0,0
324,4,1212698,109670,1034188,0,5521,98873,0,55082,646015,217623,36909,77430,0,0,0,0,0
325,5,1240256,107046,1062781,0,5429,96412,0,53214,681502,214225,34933,77694,0,0,0,0,0
326,4,1320850,118824,1136960,0,7391,106170,0,55349,758524,216269,26983,78658,0,0,0,0,0
327,4,1302509,113372,1125169,0,5428,102784,0,53662,750064,215521,26760,77970,0,0,0,0,0
328,5,1309986,112311,1134467,0,5469,101806,0,55343,747537,225408,26824,78226,0,0,0,0,0
329,4,1316471,107951,1144275,0,5429,97484,0,53802,755581,230243,26529,76931,0,0,0,0,0
330,5,1296509,119559,1113987,0,5469,108921,0,55375,725755,226241,26975,78494,0,0,0,0,0
331,4,1160135,106334,985122,0,5566,95666,0,53147,591715,235262,26556,77229,0,0,0,0,0
332,6,1325696,112151,1150325,0,5364,101622,0,55037,762331,226299,26857,78652,0,0,0,0,0
333,4,1567999,108419,1374927,0,5494,97737,0,53645,808428,223860,26625,261201,0,3,265033,253817,6749
334,5,1351148,115976,1171921,0,5331,105455,0,54962,786483,224038,26824,78485,0,0,0,0,0
335,4,1201986,107357,1023809,0,5637,96559,0,52952,628747,237257,26496,77187,0,0,0,0,0
336,5,1210715,104810,1038542,0,5523,94163,0,54805,644077,233436,26932,78141,0,0,0,0,0
337,4,1315787,108908,1142557,0,5461,98400,0,53090,751924,232753,26297,77279,0,0,0,0,0
338,4,1212227,96408,1048639,0,5425,85952,0,54941,653953,233477,26919,78197,0,0,0,0,0
339,4,1401696,106771,1230656,0,5493,96204,0,53105,840438,232610,26363,76926,0,0,0,0,0
340,4,1242190,109565,1065183,0,5491,98922,0,54870,678748,225512,26877,78045,0,0,0,0,0
341,4,1417297,111531,1241330,0,5461,100944,0,53572,835250,233087,42590,75641,0,0,0,0,0
342,5,1263171,97609,1097981,0,5373,87092,0,54662,688010,233755,43671,76708,0,0,0,0,0
343,5,1438270,120089,1253431,0,5409,109352,0,53718,847551,232667,42688,75591,0,0,0,0,0
344,5,1334568,102945,1164393,0,5510,92362,0,54323,759208,235128,37368,77190,0,0,0,0,0
345,6,1346289,99330,1182694,0,5524,88899,0,63285,772538,232261,36583,76772,0,0,0,0,0
346,4,1234224,100008,1067155,0,5458,89562,0,54041,663485,233513,37391,77573,0,0,0,0,0
347,4,1399632,118719,1216376,0,5439,108159,0,52947,819392,233371,33319,76136,0,0,0,0,0
348,4,1237035,108117,1059500,0,5438,97662,0,54040,659516,233282,33920,77570,0,0,0,0,0
349,4,1460106,113341,1281889,0,5493,102711,0,53449,875477,242738,33199,75834,0,0,0,0,0
350,5,1304580,100821,1136468,0,5458,90292,0,54065,721789,245026,37469,76968,0,0,0,0,0
351,5,1419212,118893,1234850,0,5494,108157,0,53036,824574,243668,36085,76272,0,0,0,0,0
352,4,1255260,108602,1079404,0,5501,97961,0,54236,664336,245590,37331,76759,0,0,0,0,0
353,4,1391425,105503,1221532,0,5514,95037,0,63154,803074,244677,33161,76211,0,0,0,0,0
354,6,1239150,98699,1072992,0,5425,88274,0,54191,661718,245046,33891,76994,0,0,0,0,0
355,4,1397390,118475,1214078,0,5439,107796,0,53377,805249,245305,33172,75758,0,0,0,0,0
356,4,1298189,105393,1125000,0,5543,94737,0,54389,719513,244650,27309,77988,0,0,0,0,0
357,4,1336836,99370,1173235,0,5513,88841,0,62569,761256,245017,26620,76500,0,0,0,0,0
358,4,1224351,96910,1060077,0,5510,86296,0,54367,654108,245062,27367,78003,0,0,0,0,0
359,4,1458140,112985,1280753,0,5439,102388,0,53180,872795,244742,33021,75799,0,0,0,0,0
360,5,1322728,100566,1154459,0,5501,90025,0,54245,743052,245491,33952,76545,0,0,0,0,0
361,5,1412101,99521,1238796,0,5524,89021,0,53567,822856,257773,26509,76630,0,0,0,0,0
362,4,1274961,103826,1103908,0,5536,93238,0,54438,684763,259594,26873,77110,0,0,0,0,0
363,5,1430390,108807,1255750,0,7454,96374,0,52992,841252,257615,26412,76268,0,0,0,0,0
364,4,1252150,98128,1086824,0,5458,87624,0,54192,667292,259952,26844,77412,0,0,0,0,0
365,4,1532424,115323,1351447,0,5546,104756,0,53667,918208,267770,33483,77083,0,0,0,0,0
366,4,1555901,106812,1228564,0,5416,96286,0,54785,794060,267795,34223,76446,0,0,0,0,0
367,5,1519908,130948,1323183,0,5429,120343,0,53635,890855,266835,33214,77408,0,0,0,0,0
368,4,1644587,134427,1442379,0,5510,123745,0,54786,838764,267070,203797,76702,0,0,0,0,0
369,6,1595230,132965,1399546,0,5524,122390,0,53627,928588,275060,35873,105245,0,0,0,0,0
370,5,1604102,106924,1220277,0,5458,96356,0,54815,792454,268156,26634,77023,0,0,0,0,0
371,4,1613961,113883,1436002,0,5376,103296,0,53490,969574,267459,42416,101892,0,0,0,0,0
372,5,1397874,101385,1226075,0,5491,90762,0,54678,784198,266238,44183,75524,0,0,0,0,0
373,5,1649570,113236,1467443,0,5429,102589,0,53947,998350,267552,42142,104216,0,0,0,0,0
374,4,1608394,100731,1438040,0,5438,90274,0,54810,827263,267978,37212,249563,0,0,0,0,0
375,5,1620748,113865,1437436,0,7463,101266,0,53810,942802,309184,35742,94685,0,0,0,0,0
376,4,1728382,99089,1560510,0,5490,88475,0,54809,734882,468241,224452,76884,0,0,0,0,0
377,5,1535941,103637,1367112,0,5428,93155,0,63109,880688,314387,25996,81654,0,0,0,0,0
378,5,1553715,102178,1190167,0,5449,91711,0,54908,718042,312924,26290,76828,0,0,0,0,0
379,5,1655217,101184,1487662,0,5578,90660,0,63675,975223,312282,26006,109177,0,0,0,0,0
380,5,1586663,104883,1411893,0,5405,94321,0,55079,765775,314113,26431,249262,0,0,0,0,0
381,4,1595176,101281,1429410,0,5514,90732,0,63902,905843,325173,25863,107354,0,0,0,0,0
382,5,1624828,102353,1256530,0,5405,91756,0,54735,768505,329224,26385,76504,0,0,0,0,0
383,5,1582606,111925,1253234,0,5513,101333,0,53044,766217,325195,25929,81634,0,0,0,0,0
384,3,1576951,112049,1372728,0,5385,101537,0,55385,884837,328317,26478,76556,0,0,0,0,0
385,4,1569702,101097,1399192,0,5514,90502,0,52997,767009,325546,25948,226459,0,0,0,0,0
386,3,1538774,112150,1361370,0,5523,101617,0,55198,871654,330603,26475,76287,0,0,0,0,0
387,4,1564817,100914,1392882,0,5461,90298,0,52557,755914,335758,25838,221580,0,0,0,0,0
388,4,1579958,111369,1379098,0,5406,100825,0,54609,882747,338002,26437,76126,0,0,0,0,0
389,4,1569893,111451,1237026,0,5514,100764,0,52438,740764,335265,25965,81377,0,0,0,0,0
390,4,1524534,112864,1344190,0,5364,102354,0,54576,848215,337362,26574,76286,0,0,0,0,0
391,4,1402970,103296,1232253,0,5533,92681,0,52496,737108,333802,25938,81693,0,0,0,0,0
392,3,1602704,112511,1427358,0,5438,101907,0,54620,904755,336918,26614,103258,0,0,0,0,0
393,4,1595385,98278,1422787,0,5514,87679,0,52523,797434,335562,25938,210077,0,0,0,0,0
394,4,1591790,112421,1392400,0,5471,101912,0,54317,896615,337605,26529,76158,0,0,0,0,0
395,4,1563426,103020,1275479,0,5504,92474,0,52538,779895,334083,25873,81874,0,0,0,0,0
396,4,1351367,110818,1175151,0,5406,100343,0,54790,755522,259965,26388,77356,0,0,0,0,0
397,4,1242945,99731,1073829,0,5481,89157,0,53023,661045,255878,26030,76615,0,0,0,0,0
398,3,1343348,116624,1163368,0,5438,106136,0,55233,742928,260067,26471,77539,0,0,0,0,0
399,3,1232239,113197,1046969,0,5493,102601,0,53013,633479,256836,25966,76463,0,0,0,0,0
400,4,1349482,132516,1154486,0,5533,121871,0,55411,728460,265177,26565,77742,0,0,0,0,0
401,4,1229548,108408,1050932,0,5514,97795,0,53211,638091,255883,26250,76284,0,0,0,0,0
402,4,1386204,115238,1207574,0,5471,104588,0,55276,787362,259414,26542,77826,0,0,0,0,0
403,4,1244929,102082,1071177,0,5441,91665,0,53151,657611,256607,26098,76497,0,0,0,0,0
404,4,1355003,116032,1175877,0,5438,105425,0,55222,756162,259065,26540,77754,0,0,0,0,0
405,4,1236941,113043,1049725,0,5546,102448,0,53210,637582,255063,26191,76464,0,0,0,0,0
406,3,1393250,121488,1208515,0,5490,110917,0,55297,788711,259461,26671,77244,0,0,0,0,0
407,3,1257291,113507,1071788,0,5429,102919,0,53141,659581,255529,26141,76185,0,0,0,0,0
408,4,1372302,126002,1183129,0,5470,115398,0,55340,763315,259459,26567,77316,0,0,0,0,0
409,4,1251092,114093,1064843,0,5461,103568,0,53190,654287,253204,26152,76839,0,0,0,0,0
410,3,1374961,122975,1188293,0,5418,112381,0,55419,771693,255545,26831,77694,0,0,0,0,0
411,4,1244992,109865,1063319,0,5461,99206,0,53443,653292,252606,26180,76626,0,0,0,0,0
412,4,1245426,103399,1073802,0,5458,92817,0,54918,657450,255591,26843,77889,0,0,0,0,0
413,4,1366458,107762,1186534,0,5461,97240,0,53025,763009,251914,42151,75242,0,0,0,0,0
414,4,1318782,106328,1143602,0,5373,95835,0,55022,712662,255241,43609,75933,0,0,0,0,0
415,4,1321459,102939,1146162,0,5428,92495,0,53211,721361,253433,42113,74875,0,0,0,0,0
416,4,1508337,105936,1175037,0,5470,95353,0,55043,750481,254377,37045,76955,0,0,0,0,0
417,5,1322475,109757,1140790,0,5494,99197,0,53275,721550,252827,35823,76143,0,0,0,0,0
418,4,1462632,116687,1282143,0,5438,106221,0,55178,856192,255938,36828,76873,0,0,0,0,0
419,4,1364241,106058,1186241,0,5408,95507,0,53440,760816,253465,41953,75396,0,0,0,0,0
420,4,1458579,117209,1277073,0,5353,106583,0,55760,848800,251850,43127,76404,0,0,0,0,0
421,5,1394594,118408,1203519,0,5409,107908,0,53059,773144,248982,42495,84688,0,0,0,0,0
422,4,1546164,118539,1187300,0,5566,107987,0,55058,765493,251500,37100,76995,0,0,0,0,0
423,4,1477519,119100,1291112,0,5493,108458,0,53827,875991,247176,36466,76416,0,0,0,0,0
424,4,1434969,111174,1258983,0,5523,100516,0,55621,835325,252617,37193,77096,0,0,0,0,0
425,3,1477411,106896,1303251,0,5409,96584,0,64009,871911,247902,42428,75746,0,0,0,0,0
426,4,1273377,102690,1103075,0,5490,92211,0,55058,675424,251484,43493,76460,0,0,0,0,0
427,3,1440412,106390,1266473,0,5408,96001,0,64098,839904,248638,36160,76398,0,0,0,0,0
428,4,1322936,105795,1149653,0,5353,95424,0,55111,728151,250495,37252,77513,0,0,0,0,0
429,4,1427788,104324,1256358,0,5408,93882,0,63349,830124,248541,36168,76898,0,0,0,0,0
430,4,1266017,102518,1096363,0,5438,91910,0,55078,674442,251197,37186,77328,0,0,0,0,0
431,4,1385506,109126,1209218,0,5461,98692,0,63721,793115,247152,26521,77434,0,0,0,0,0
432,3,1219016,101856,1049535,0,5470,91273,0,55042,637607,250698,26978,78057,0,0,0,0,0
433,4,1409924,104021,1238844,0,5546,93422,0,63398,821726,248431,26661,77329,0,0,0,0,0
434,3,1227028,101797,1055979,0,5498,91231,0,54796,643222,251510,27465,77834,0,0,0,0,0
435,4,1233954,107708,1053198,0,5494,97189,0,53561,652121,241964,26944,77439,0,0,0,0,0
436,4,1263127,102431,1092851,0,5491,91779,0,55147,679072,245402,34131,77967,0,0,0,0,0
437,5,1225276,105216,1046490,0,5461,94631,0,53600,638511,242446,33534,77228,0,0,0,0,0
438,4,1226328,109501,1049377,0,5471,98938,0,54886,641868,245322,27545,78646,0,0,0,0,0
439,4,1246348,103957,1070963,0,5376,93533,0,53213,670584,241677,26826,77467,0,0,0,0,0
440,4,1087942,107269,911534,0,5386,96751,0,55052,561754,190430,25599,77571,0,0,0,0,0
441,3,1087383,109586,906615,0,5461,99076,0,53323,550863,198911,26954,75449,0,0,0,0,0
442,4,1128676,115767,943749,0,5501,105142,0,55051,586608,183076,31873,85972,0,0,0,0,0
443,5,1150290,115997,962496,0,5428,105505,0,53406,610847,177240,33468,86317,0,0,0,0,0
444,3,1075385,112149,893205,0,5521,101521,0,54954,542497,192294,25267,77018,0,0,0,0,0
445,4,1104119,107298,925529,0,5504,96765,0,53144,579999,188337,26988,75906,0,0,0,0,0
446,3,1075368,103941,901766,0,5491,93416,0,55071,552254,190733,25586,76946,0,0,0,0,0
447,4,1097491,104935,919478,0,5461,94374,0,53086,584564,178022,26935,75720,0,0,0,0,0
448,4,1141694,102168,960884,0,5438,91722,0,55262,612635,181859,31912,78045,0,0,0,0,0
449,4,1078153,106930,899768,0,5461,96389,0,53374,546304,189878,33498,75518,0,0,0,0,0
450,3,1079247,105032,905216,0,5458,94465,0,55130,557382,181811,32047,77674,0,0,0,0,0
451,3,1047715,101891,874928,0,5408,91399,0,52920,529149,189436,26918,75370,0,0,0,0,0
452,3,1062231,101669,891224,0,5458,91089,0,54873,540525,192823,25042,76785,0,0,0,0,0
453,3,1062247,104213,887040,0,5493,93633,0,53092,540835,190088,26480,75411,0,0,0,0,0
454,3,1132168,106939,946996,0,5385,96492,0,55214,606498,182115,24988,77011,0,0,0,0,0
455,3,1083045,101698,910416,0,5461,91133,0,53188,564337,189754,26504,75498,0,0,0,0,0
456,3,1097570,101675,926708,0,5488,91115,0,55039,575126,193045,25003,77321,0,0,0,0,0
457,4,1126086,105295,949837,0,5461,94751,0,53122,616107,177516,26455,75487,0,0,0,0,0
458,3,1066611,104272,893182,0,5491,93803,0,54719,543082,192328,24874,77002,0,0,0,0,0
459,3,1074100,102189,900816,0,5409,91667,0,53137,555223,189509,26447,75366,0,0,0,0,0
460,3,1064659,101500,893915,0,5481,90924,0,54243,544244,192037,24964,77250,0,0,0,0,0
461,4,1112500,106571,934816,0,5461,96049,0,52472,592707,177731,26516,84219,0,0,0,0,0
462,4,1096610,105588,913381,0,5446,95039,0,54492,562972,192809,24865,77067,0,0,0,0,0
463,3,1091548,103358,907736,0,5429,92860,0,52559,563386,189417,26461,74759,0,0,0,0,0
464,3,1078592,105276,904228,0,5458,94737,0,54340,553866,192805,24851,77191,0,0,0,0,0
465,3,1094435,113152,910021,0,5461,102611,0,52891,567258,176453,26447,85820,0,0,0,0,0
466,3,1144984,112524,962961,0,5458,101918,0,54274,604053,192749,24914,85797,0,0,0,0,0
467,4,1087394,107791,899667,0,5481,97197,0,52638,554496,189507,26333,75537,0,0,0,0,0
468,3,1095447,105618,920161,0,5438,95205,0,54491,562691,191880,24855,85071,0,0,0,0,0
469,3,1113119,109250,932311,0,5449,98710,0,52475,572910,188480,33156,84138,0,0,0,0,0
470,4,1089447,107115,904182,0,5438,96552,0,54582,553900,192779,24758,76986,0,0,0,0,0
471,4,1090828,109340,910285,0,5567,98674,0,52656,557515,188660,26470,83831,0,0,0,0,0
472,4,1114345,102259,940642,0,5491,91684,0,54184,591411,182463,24919,86497,0,0,0,0,0
473,3,1080147,101761,899007,0,5514,91090,0,52420,553100,190244,26462,75624,0,0,0,0,0
474,3,1079280,104319,906025,0,5543,93692,0,54488,554865,193485,24935,77077,0,0,0,0,0
475,3,1121522,106232,943925,0,5481,95638,0,52418,594256,177380,33158,85523,0,0,0,0,0
476,3,1078181,102109,906632,0,5405,91672,0,54375,556059,193377,25106,76538,0,0,0,0,0
477,4,1049799,102405,876046,0,5546,91746,0,52644,531230,189213,26377,75448,0,0,0,0,0
478,3,1081253,103688,908644,0,5406,93155,0,54417,557914,193335,24868,76935,0,0,0,0,0
479,4,1052566,107310,874054,0,5526,96826,0,52598,532512,177923,26427,83447,0,0,0,0,0
480,4,1041619,102276,870082,0,5511,91718,0,54336,518096,194482,24957,77060,0,0,0,0,0
481,3,1090747,103510,906835,0,5441,92977,0,52839,555897,188550,33141,75192,0,0,0,0,0
482,4,1131432,104653,956764,0,5458,94235,0,55095,606984,182509,24915,86072,0,0,0,0,0
483,5,1099961,106128,922274,0,5448,95731,0,53090,580085,177734,26334,83864,0,0,0,0,0
484,4,1144837,105871,969235,0,5458,95381,0,55100,619018,181643,25581,86725,0,0,0,0,0
485,4,1114848,103462,939184,0,5514,93086,0,53172,595407,178104,27035,84317,0,0,0,0,0
486,6,1163442,120608,973322,0,5458,110035,0,55131,624010,181793,25366,85871,0,0,0,0,0
487,4,1152680,109606,971263,0,5546,98955,0,53212,617973,180886,33692,84349,0,0,0,0,0
488,5,1111197,97854,944073,0,5491,87369,0,55054,577997,191093,32135,86623,0,0,0,0,0
489,4,922624,103020,749670,0,5409,92484,0,53170,451867,129752,34154,79597,0,0,0,0,0
490,3,1058115,97245,891440,0,5458,86663,0,54922,583340,140748,34995,76258,0,0,0,0,0
491,4,978561,108499,799651,0,5537,97784,0,53234,491620,129409,36860,87397,0,0,0,0,0
492,3,952101,100951,781856,0,5479,90381,0,54717,472568,123760,44394,85248,0,0,0,0,0
493,5,1043126,105596,867147,0,5461,94919,0,53195,561214,126902,46420,78304,0,0,0,0,0
494,4,963703,98845,795234,0,5438,88346,0,54610,476551,133476,45199,84269,0,0,0,0,0
495,4,1132169,101445,961047,0,5514,90880,0,53241,665604,125136,36620,79312,0,1,85207,81580,2258
496,4,1092972,196238,828139,0,5491,185554,0,54993,529712,131336,34658,76267,0,1,86654,82806,2257
497,5,978269,99636,808245,0,5494,89102,0,53137,500735,129452,36738,87026,0,0,0,0,0
498,4,948232,102028,777492,0,5458,91665,0,54864,468120,133070,34856,85453,0,0,0,0,0
499,3,982544,98541,814181,0,5441,88135,0,53126,500699,128512,43500,87188,0,0,0,0,0
500,5,1017185,102154,845698,0,5543,91558,0,54993,531397,133731,48450,75905,0,0,0,0,0
501,4,979980,102370,807397,0,5429,91826,0,53128,494377,129224,50734,78735,0,0,0,0,0
502,4,993741,99899,824837,0,5470,89327,0,55001,516248,131351,34881,86201,0,0,0,0,0
503,4,998595,101664,825533,0,5461,91067,0,52913,532881,123242,36351,79033,0,0,0,0,0
504,4,1206052,101833,1041039,0,5471,91391,0,54881,725729,119682,34389,105249,0,0,0,0,0
505,4,1210349,106505,1038267,0,5489,96136,0,53240,747749,114846,42475,78824,0,0,0,0,0
506,5,1190309,121413,1003849,0,5438,103898,0,55824,525942,303831,41174,75883,0,0,0,0,0
507,4,1130001,112235,951793,0,5644,101391,0,53924,484644,289481,43510,79102,0,0,0,0,0
508,4,1006162,96520,840941,0,5406,86074,0,54860,545248,128202,34506,76970,0,0,0,0,0
509,5,987494,103452,814156,0,5461,92890,0,53446,520137,123879,36460,79120,0,0,0,0,0
510,4,1162065,96178,975807,0,5470,85764,0,54970,688894,119489,34762,76561,0,0,0,0,0
511,4,1210530,110173,1032504,0,5546,99491,0,53351,741903,114842,42641,78658,0,0,0,0,0
512,4,1158710,111121,982610,0,5438,100676,0,62885,494472,306618,41415,75982,0,0,0,0,0
513,3,1239428,102697,1070660,0,5481,92112,0,63514,544766,119458,42990,78897,0,0,0,0,0
514,4,1270472,98012,1107660,0,5458,87555,0,65158,804300,119599,41670,75784,0,0,0,0,0
515,5,1234043,101618,1067074,0,5409,91164,0,63664,512265,368023,42985,78941,0,0,0,0,0
516,4,1151491,100108,986162,0,5427,89703,0,64146,503915,299642,41556,75667,0,0,0,0,0
517,5,1194055,98890,1029885,0,5461,88319,0,63122,537584,314567,33781,79635,0,0,0,0,0
518,4,1143780,101020,977382,0,5479,90531,0,64505,481876,319635,33255,76873,0,0,0,0,0
519,5,1222685,100801,1056353,0,5408,90377,0,62816,545720,339196,27867,79537,0,0,0,0,0
520,4,1093095,100438,928526,0,5386,90074,0,64631,500429,47604,37477,78972,0,0,0,0,0
521,4,1069126,100574,900859,0,5514,90078,0,62842,469564,55039,233543,78676,0,0,0,0,0
522,3,868007,95216,708200,0,5386,84929,0,54332,486172,47458,39508,79660,0,0,0,0,0
523,4,942879,98822,772773,0,5408,88406,0,52360,561682,44980,36046,76550,0,0,0,0,0
524,5,1087622,100228,923233,0,5385,90014,0,54244,709803,47675,32514,77949,0,0,0,0,0
525,5,1065657,96730,900752,0,5489,86250,0,60337,465209,45540,249662,78831,0,0,0,0,0
526,5,1126171,111723,948930,0,5470,101265,0,64686,474697,56018,271547,80742,0,0,0,0,0
527,5,885396,101289,717537,0,5470,90929,0,52814,505853,45336,35694,76686,0,0,0,0,0
528,5,847680,100482,679035,0,5418,89985,0,54296,464937,46745,34231,77759,0,0,0,0,0
529,5,1103418,99000,937452,0,5415,88664,0,52649,721533,45574,31609,84891,0,0,0,0,0
530,4,1068361,99243,903757,0,5471,88755,0,64206,431867,47514,36050,323013,0,0,0,0,0
531,4,825333,99726,657909,0,5415,89405,0,52846,434663,56743,36102,76379,0,0,0,0,0
532,3,1044492,98271,880842,0,5470,87748,0,63901,416215,47153,39845,312602,0,0,0,0,0
533,4,1090310,107784,914651,0,5513,97239,0,63282,445779,45780,276855,81759,0,0,0,0,0
534,4,819865,103473,651769,0,5438,93071,0,54335,413723,58502,44031,80083,0,0,0,0,0
535,3,1089334,97192,924595,0,5493,86625,0,62285,459911,46097,33841,321246,0,0,0,0,0
536,6,791850,99620,628250,0,5449,89285,0,54359,396094,58809,34309,83583,0,0,0,0,0
537,4,759501,99860,588580,0,5514,89234,0,52455,349510,66989,41892,76556,0,0,0,0,0
538,4,984251,95644,824164,0,5438,85274,0,54151,596440,48837,43978,79667,0,0,0,0,0
539,4,745696,100032,570357,0,5461,89596,0,63009,338240,46104,43694,78071,0,0,0,0,0
540,3,746553,98666,583126,0,5385,88303,0,54432,337121,71474,41156,77849,0,0,0,0,0
541,5,858363,96439,690997,0,5513,85862,0,52587,467042,44940,48697,76642,0,0,0,0,0
542,4,970195,97037,799893,0,5470,86683,0,54075,578608,48392,39672,78074,0,0,0,0,0
543,3,746284,103851,568322,0,5493,93453,0,62934,342042,45826,40096,76230,0,0,0,0,0
544,4,794936,96926,633126,0,5449,86512,0,54043,398476,49576,40299,89625,0,0,0,0,0
545,4,763794,97279,595487,0,5504,86736,0,52325,350123,68525,45434,77881,0,0,0,0,0
546,3,930244,113094,751645,0,5405,102913,0,54035,289763,278912,47922,79899,0,0,0,0,0
547,3,1004050,120979,815283,0,5376,110571,0,62700,369231,49081,40293,292703,0,0,0,0,0
548,3,741961,103426,562836,0,5353,93193,0,54360,350728,49269,25966,81464,0,0,0,0,0
549,3,720452,103557,550078,0,5513,92926,0,62694,333195,45687,31804,75504,0,0,0,0,0
550,3,779966,105262,596061,0,5405,94798,0,54565,382221,46017,34225,77964,0,0,0,0,0
551,3,722191,102621,547644,0,5441,92140,0,52536,324561,45547,45693,78155,0,0,0,0,0
552,3,966422,105166,790282,0,5446,94450,0,54384,378008,249076,26260,81440,0,0,0,0,0
553,3,747071,103768,567396,0,5514,93171,0,62967,350363,45454,31609,75786,0,0,0,0,0
554,3,768921,104909,588570,0,5501,94453,0,53991,351251,70555,31627,80053,0,0,0,0,0
555,3,823460,102243,649224,0,5481,91690,0,52586,433330,44092,34030,83998,0,0,0,0,0
556,3,918858,103596,751682,0,5481,93202,0,54053,540580,48869,25469,81663,0,0,0,0,0
557,3,947742,120275,587434,0,5493,109659,0,52519,370924,45311,31572,85956,0,0,0,0,0
558,3,801580,114429,621584,0,5471,104085,0,54014,395313,49336,32047,89829,0,0,0,0,0
559,4,800707,105016,623729,0,5546,94462,0,52424,407042,47355,31555,84225,0,0,0,0,0
560,3,1005850,101066,840968,0,5405,90737,0,54097,630892,48062,25294,81553,0,0,0,0,0
561,3,1027464,110706,849583,0,5461,100215,0,63242,401052,45183,31353,307396,0,0,0,0,0
562,3,851220,105480,681541,0,5490,95098,0,54160,430550,57246,32561,105867,0,0,0,0,0
563,3,892331,106120,714757,0,5429,95664,0,52436,468501,45161,35275,112110,0,0,0,0,0
564,3,1030836,104991,861890,0,5501,94544,0,54103,611418,48511,32204,114523,0,0,0,0,0
565,5,1053964,108503,878096,0,5428,98059,0,63449,412499,45651,31600,323580,0,0,0,0,0
566,4,914634,108576,740299,0,5533,98193,0,54034,501365,46868,31865,105021,0,0,0,0,0
567,4,939399,106731,761315,0,5461,96321,0,52321,513465,44602,47633,102100,0,0,0,0,0
568,4,1004232,111308,824678,0,5458,100684,0,53951,578234,47189,36472,107678,0,0,0,0,0
569,4,1157713,108566,982067,0,5480,98278,0,52554,710905,43442,42506,131388,0,0,0,0,0
570,4,1179188,105418,1001727,0,5485,94546,0,53986,729184,46048,36264,135137,0,0,0,0,0
571,4,1138761,104313,965878,0,5484,93861,0,63501,479483,52415,247334,121885,0,0,0,0,0
572,4,941084,105399,772382,0,5438,95162,0,54103,519143,44743,25644,127636,0,0,0,0,0
573,3,985045,104315,809338,0,5546,93657,0,52126,547408,51121,36463,121002,0,0,0,0,0
574,4,1153869,102230,963332,0,5490,91768,0,54095,698039,45427,39518,125183,0,0,0,0,0
575,5,1172628,113942,988782,0,5386,103586,0,53114,769977,44140,42619,77758,0,0,0,0,0
576,3,1195141,103833,1027205,0,5438,93311,0,64369,538555,306730,36343,80039,0,0,0,0,0
577,4,934462,107396,760025,0,5522,96970,0,52641,551301,43087,35739,76062,0,0,0,0,0
578,4,928883,112004,748576,0,5588,101350,0,54030,530599,52635,32876,77321,0,0,0,0,0
579,5,1289819,107045,1115405,0,5417,96800,0,52580,874042,43638,64191,79819,0,0,0,0,0
580,3,1150330,112838,965524,0,5373,102551,0,54491,739535,46121,44260,80047,0,0,0,0,0
581,5,1816282,107799,1642652,0,5494,97431,0,62857,1030207,43029,146753,358509,0,6,527826,505648,13472
582,5,1369400,101936,1201787,0,5406,91677,0,54282,944844,45026,55642,100861,0,1,89247,85444,2258
583,4,1176291,115378,992850,0,5457,105018,0,52535,760915,44221,48515,85491,0,0,0,0,0
584,4,1185064,104297,1015598,0,5491,93868,0,54590,487064,344883,52330,75577,0,0,0,0,0
585,4,1024777,102287,856018,0,5535,91898,0,53043,615503,60629,47915,77733,0,0,0,0,0
586,4,1190534,107496,1018809,0,5501,96950,0,65003,521896,298191,56683,75777,0,0,0,0,0
587,5,1164471,115296,982050,0,5514,104703,0,63313,492619,289648,57077,78136,0,0,0,0,0
588,4,1270231,111497,1093779,0,5491,101016,0,65017,826472,76073,49561,75483,0,0,0,0,0
589,5,1127787,107390,953543,0,5461,97006,0,63733,467602,60929,280965,78993,0,0,0,0,0
590,6,1121803,110089,947078,0,5405,99722,0,64807,465235,73522,265503,76796,0,0,0,0,0
591,4,1163930,106767,989445,0,5504,96178,0,63733,516362,289601,41389,77121,0,0,0,0,0
592,3,1297329,103729,1129630,0,5438,93311,0,64527,877211,75689,33926,77131,0,1,87852,84265,2257
593,5,1356196,201074,997447,0,5517,190421,0,53616,763561,61274,40563,77258,0,3,260531,249342,6748
594,4,1148139,106718,975673,0,5448,96216,0,64396,471872,307436,55084,75690,0,0,0,0,0
595,4,1068068,104371,894042,0,5461,93916,0,63555,392305,60501,44792,331615,0,0,0,0,0
596,4,1275024,106959,1103879,0,5438,96398,0,64842,845949,74573,40685,76676,0,1,87732,84233,2257
597,4,1194824,109918,1017789,0,5376,99561,0,63362,531716,303283,40951,77239,0,0,0,0,0
598,5,1195572,105233,1025878,0,5523,94762,0,64637,526259,312123,46178,75485,0,0,0,0,0
599,4,1176582,107842,1001328,0,5376,97425,0,64086,749880,62663,44691,78777,0,0,0,0,0
600,5,1217656,107876,1045126,0,5406,97483,0,64916,782363,78768,40818,77069,0,0,0,0,0
601,4,1057208,111832,877975,0,5409,101468,0,63253,396927,60944,44440,311158,0,0,0,0,0
602,4,1096624,118014,913696,0,5470,107478,0,65000,385418,72933,55450,333681,0,0,0,0,0
603,4,1044344,110149,866518,0,5441,99800,0,63438,381199,61071,47578,311959,0,0,0,0,0
604,4,1001940,104408,615183,0,5490,93933,0,64448,364746,73413,33692,77708,0,0,0,0,0
605,3,1079788,107649,904838,0,5513,97135,0,63505,440036,61289,31942,306807,0,0,0,0,0
606,3,1201991,103640,1034220,0,5438,93327,0,64758,474434,73190,343235,77367,0,0,0,0,0
607,5,1110683,107204,934939,0,5439,96782,0,63399,463317,61049,267019,78813,0,0,0,0,0
608,3,1203354,107229,1031723,0,5418,96606,0,64693,541188,306342,41127,77178,0,0,0,0,0
609,5,1190754,118649,1001635,0,5612,107872,0,63106,772217,62530,40778,61792,0,0,0,0,0
610,4,1250609,114780,1072532,0,5676,103964,0,64122,823546,75263,49242,59172,0,0,0,0,0
611,4,1220014,94205,1058629,0,5764,83245,0,62762,820458,62584,51874,59742,0,0,0,0,0
612,3,1128453,93453,971247,0,5761,82526,0,63777,500225,295679,50397,59939,0,0,0,0,0
613,3,1247437,93950,1086597,0,5764,82997,0,63110,848765,62723,51497,59224,0,0,0,0,0
614,3,1207640,93288,1051308,0,5721,82477,0,64069,792595,77007,56498,59932,0,0,0,0,0
615,4,1130300,94113,968808,0,5764,83185,0,63004,502976,284522,57239,59834,0,0,0,0,0
616,3,1223832,93233,1066960,0,5761,82401,0,64068,817508,75674,49290,59228,0,0,0,0,0
617,5,1210074,94709,1049212,0,5776,83877,0,63388,802229,63491,57943,60907,0,0,0,0,0
618,3,1148473,93686,990991,0,5761,82912,0,64802,490378,302015,71525,61057,0,0,0,0,0
619,4,1220523,93494,1059840,0,5849,82582,0,62885,806827,61890,64256,62748,0,0,0,0,0
620,4,1246765,93986,1088298,0,5741,83156,0,64724,832040,76119,54799,59447,0,0,0,0,0
621,4,1155627,93920,995692,0,5817,83070,0,62885,525357,283931,62093,60147,0,0,0,0,0
622,3,1315835,93682,1158137,0,5709,82832,0,64247,888699,74398,68969,60650,0,0,0,0,0
623,3,1248472,93376,1089263,0,5764,82459,0,52517,831912,62294,78005,63345,0,0,0,0,0
624,4,1237048,93824,1078480,0,5784,82889,0,64183,545422,334900,72630,60129,0,0,0,0,0
625,3,1281463,93403,1121878,0,5600,82645,0,52618,869684,61805,74072,62485,0,0,0,0,0
626,3,1186472,93157,1028890,0,5490,82647,0,64025,802267,67926,69536,23995,0,0,0,0,0
627,3,1104941,93899,947506,0,5493,83292,0,52683,488201,70297,310475,24616,0,0,0,0,0
628,2,940959,91794,786046,0,5438,81419,0,53881,572732,64815,69776,23753,0,0,0,0,0
629,5,9113435,195187,2230575,0,6258,88121,0,148496,271222,1647328,68593,93618,0,6,518515,496167,13495
630,14,1014320,191954,476605,0,5955,180009,0,52787,277948,97449,44605,2741,0,1,89425,85542,2257
631,3,632162,92586,470880,0,5764,81593,0,51451,243045,127816,44796,2757,0,0,0,0,0
632,2,618202,92406,458957,0,5761,81428,0,52698,236798,124223,41446,2775,0,0,0,0,0
633,3,655744,92233,494011,0,5784,81232,0,51284,257868,129511,51632,2704,0,0,0,0,0
634,3,656115,93407,496187,0,5793,82382,0,52756,281261,104601,54027,2571,0,0,0,0,0
635,2,651942,91767,490013,0,5774,80765,0,51280,246203,130039,58704,2772,0,0,0,0,0
636,3,659755,92549,499969,0,5774,81432,0,52707,259973,129890,53803,2603,0,0,0,0,0
637,2,651973,92332,489867,0,5796,81319,0,51358,250434,129593,54736,2732,0,0,0,0,0
638,2,662758,92399,503606,0,5824,81294,0,52729,257887,129062,60231,2703,0,0,0,0,0
639,2,650676,92310,487029,0,5764,81378,0,51185,249451,99251,83419,2666,0,0,0,0,0
640,2,659272,92300,499746,0,5741,81272,0,52725,257760,128845,56760,2661,0,0,0,0,0
641,2,655672,92064,493395,0,5764,81212,0,51159,250374,127088,60899,2880,0,0,0,0,0
642,2,671482,92072,512813,0,5739,81160,0,52725,258957,132745,64735,2656,0,0,0,0,0
643,2,657892,92105,495411,0,5827,80963,0,51035,250255,125126,65280,2721,0,0,0,0,0
644,2,661647,92355,501712,0,5813,81310,0,53004,256954,127263,58984,4513,0,0,0,0,0
645,2,650301,92199,488509,0,5914,81112,0,51348,250673,100667,82058,2707,0,0,0,0,0
646,2,665990,92373,507123,0,5708,81436,0,52508,258169,128756,64069,2627,0,0,0,0,0
647,2,655405,91936,494098,0,5764,80979,0,51209,249786,99783,89633,2628,0,0,0,0,0
648,2,657697,91952,499159,0,5836,80995,0,52501,256334,103532,83070,2708,0,0,0,0,0
649,2,649860,92664,485395,0,5652,81767,0,51367,250112,99579,81453,1784,0,0,0,0,0
650,2,667217,92099,510829,0,5523,81422,0,52670,262156,104518,88722,1703,0,0,0,0,0
651,2,654567,92083,493395,0,5461,81350,0,51291,249389,99843,89913,1859,0,0,0,0,0
652,2,664723,92045,503232,0,5490,81303,0,52563,257465,129246,61217,1704,0,0,0,0,0
653,2,652703,91656,491131,0,5535,80970,0,51374,250593,125098,61266,1763,0,0,0,0,0
654,2,673600,91747,493145,0,5404,81125,0,52928,257794,116587,63043,1756,0,0,0,0,0
655,2,657819,93135,494305,0,5514,82386,0,51442,249530,126373,63994,1929,0,0,0,0,0
656,2,661158,93509,498492,0,5491,82752,0,52750,256881,104363,81705,1736,0,0,0,0,0
657,2,653573,93299,490459,0,5546,82406,0,51277,250135,124678,61474,1859,0,0,0,0,0
658,2,666845,94283,505954,0,5481,82795,0,52762,257563,129022,63858,1712,0,0,0,0,0
659,2,660027,93654,496327,0,5817,82476,0,51234,250213,126981,64215,2688,0,0,0,0,0
660,2,664643,93826,503374,0,5814,82660,0,52759,256244,130375,60346,2656,0,0,0,0,0
661,2,658848,93501,492914,0,5860,82372,0,51423,255559,100033,82001,2840,0,0,0,0,0
662,2,666044,93965,505821,0,5794,82906,0,52639,257832,103204,88457,2675,0,0,0,0,0
663,2,658340,93667,492165,0,5764,82561,0,51468,250558,124965,61370,2810,0,0,0,0,0
664,2,664077,93716,500853,0,5814,82616,0,52693,257154,104764,82665,2562,0,0,0,0,0
665,2,652362,93700,489241,0,5817,82636,0,51212,251010,99832,83403,2727,0,0,0,0,0
666,2,670942,94392,510239,0,5835,83313,0,52724,261090,104156,88546,2708,0,0,0,0,0
667,2,657551,93513,491635,0,5849,82351,0,51416,250420,99973,86132,2635,0,0,0,0,0
668,2,662394,93579,502088,0,5761,82554,0,52607,257601,104309,83864,2692,0,0,0,0,0
669,2,656897,93568,493427,0,5796,82457,0,51179,251960,125323,61224,2747,0,0,0,0,0
670,2,669179,93696,508401,0,5761,82590,0,52533,259547,128049,64576,2700,0,0,0,0,0
671,2,661989,93729,498331,0,5785,82638,0,51358,252403,125075,65561,2939,0,0,0,0,0
672,2,667221,93905,505855,0,5793,82700,0,52649,257655,130677,61138,2741,0,0,0,0,0
673,2,652076,93581,488770,0,5764,82551,0,51443,250744,100173,82593,2760,0,0,0,0,0
674,2,669081,93942,508709,0,5804,82860,0,52812,259479,104494,88201,2708,0,0,0,0,0
675,2,658808,93794,495271,0,5797,82612,0,51404,250282,125320,64530,2740,0,0,0,0,0
676,2,665260,93711,504238,0,5729,82723,0,52781,258130,129355,60270,2708,0,0,0,0,0
677,2,662937,93468,497214,0,5764,82487,0,51218,258821,125593,57938,2651,0,0,0,0,0
678,2,668971,94053,508826,0,5846,82920,0,52646,259356,104517,88666,2627,0,0,0,0,0
679,2,659518,93512,491705,0,5794,82474,0,51271,251175,99319,86133,2749,0,0,0,0,0
680,2,664262,93659,502643,0,5781,82512,0,52568,257906,127753,58989,2571,0,0,0,0,0
681,2,654591,93469,490979,0,5797,82328,0,51250,250871,124597,60552,2715,0,0,0,0,0
682,2,668273,94576,504873,0,5773,83484,0,52728,257710,127751,62972,2716,0,0,0,0,0
683,2,659415,93233,495808,0,5732,82197,0,51412,250557,125354,64887,2603,0,0,0,0,0
684,2,665976,93702,504864,0,5793,82523,0,52577,258227,129902,60536,2627,0,0,0,0,0
685,2,656585,93478,492397,0,5732,82439,0,51259,251118,126676,57833,4516,0,0,0,0,0
686,2,668304,93582,505565,0,5728,82537,0,52836,257860,104433,86713,2707,0,0,0,0,0
687,2,658973,93638,495441,0,5797,82498,0,51341,250700,124574,65143,2688,0,0,0,0,0
688,2,673030,96455,509294,0,5636,82764,0,52724,260707,131045,61259,2563,0,0,0,0,0
